Nicola Browne,1111111,90009000,1973-03-05
Lachlan Suarez,1111113,90009001,1973-05-05
Efe Melia,1111115,90009002,1980-10-16
Natalie Saunders,1111117,90009003,1981-01-19
Mohamed Patrick,1111119,90009004,1981-02-21
Yousef Lloyd,1111121,90009005,1984-02-25
Haroon Winters,1111123,90009006,1984-04-01
Nyah O'Reilly,1111125,90009007,1984-10-02
Sophie Neville,1111127,90009008,1985-08-03
Carrie Rosales,1111129,90009009,1986-03-14
Lilly-Ann Quintero,1111131,90009010,1989-09-19
Malia Powell,1111133,90009011,1990-01-31
Paisley Bautista,1111135,90009012,1990-05-19
Kobe Nielsen,1111137,90009013,1990-06-04
Shanice Lin,1111139,90009014,1992-08-26
Matt Rangel,1111141,90009015,1992-10-01
Shamima Black,1111143,90009016,1993-07-14
Shakeel Mora,1111145,90009017,1993-10-24
Ainsley Hendricks,1111147,90009018,1994-07-30
Penelope Collins,1111149,90009019,1994-12-10
Ben Goddard,1111151,90009020,1995-11-23
Emilia Finnegan,1111153,90009021,1996-09-29
Verity Curtis,1111155,90009022,1997-08-18
Sahara Frye,1111157,90009023,1998-04-27
Lena Christian,1111159,90009024,1998-08-24
Samson Espinoza,1111161,90009025,1971-12-09
Omer Cervantes,1111163,90009026,1971-12-10
Akbar Stephens,1111165,90009027,1973-02-01
Ayisha Velez,1111167,90009028,1975-08-02
Keiran Weaver,1111169,90009029,1977-01-10
Zoey Sharpe,1111171,90009030,1977-05-17
Terry Bowden,1111173,90009031,1979-11-05
Manal Friedman,1111175,90009032,1979-11-29
Arsalan Marsden,1111177,90009033,1980-04-28
Sheena Proctor,1111179,90009034,1981-03-05
Karl Barajas,1111181,90009035,1981-08-25
Ivie Houston,1111183,90009036,1981-11-27
Mea Booker,1111185,90009037,1984-03-10
Osian Derrick,1111187,90009038,1985-01-30
Nikodem Ford,1111189,90009039,1987-02-28
Coco Cruz,1111191,90009040,1987-10-23
Alexandria Worthington,1111193,90009041,1992-12-12
Elizabeth Pope,1111195,90009042,1994-10-26
Ramone Kenny,1111197,90009043,1995-09-11
Kane Carrillo,1111199,90009044,1996-06-12
Luciano Rankin,1111201,90009045,1997-01-25
Luci Avila,1111203,90009046,1998-04-18
Sammy Fuller,1111205,90009047,1998-05-22
Cathy Carey,1111207,90009048,1998-12-21
Adeline Downes,1111209,90009049,1999-10-21
Vicky Clayton,1111211,90009050,1970-04-30
Abdur Connor,1111213,90009051,1971-11-07
Danial Garcia,1111215,90009052,1972-08-01
Chelsie Miranda,1111217,90009053,1974-07-30
Rafael Mendez,1111219,90009054,1977-01-27
Rania Hurley,1111221,90009055,1978-06-03
Krisha Oconnell,1111223,90009056,1978-06-16
Harriett Watkins,1111225,90009057,1978-07-18
Usamah Mackay,1111227,90009058,1979-07-01
Amie Pena,1111229,90009059,1981-08-16
Benas Lees,1111231,90009060,1982-11-03
Ellis Partridge,1111233,90009061,1983-10-18
Marlene Villa,1111235,90009062,1984-09-15
Lucia Griffith,1111237,90009063,1985-11-20
Faraz Gonzalez,1111239,90009064,1986-01-28
Kendrick Dillard,1111241,90009065,1986-04-21
Lily-Anne Silva,1111243,90009066,1986-11-24
Eren Arroyo,1111245,90009067,1987-11-03
Dhruv Collier,1111247,90009068,1989-07-16
Jolene Cisneros,1111249,90009069,1990-08-27
Aarron Pemberton,1111251,90009070,1992-03-20
Armani Guthrie,1111253,90009071,1993-10-02
Neve Moss,1111255,90009072,1993-10-26
Sue Donaldson,1111257,90009073,1995-04-29
Curtis Russo,1111259,90009074,1999-10-21
Mischa Wilkinson,1111261,90009075,1970-12-03
Khadeejah Kelly,1111263,90009076,1971-07-04
Sharna Frank,1111265,90009077,1971-09-19
Astrid Cochran,1111267,90009078,1973-01-17
Reid Haynes,1111269,90009079,1973-12-24
Laurie Schneider,1111271,90009080,1974-03-25
Kenya Pitts,1111273,90009081,1976-10-04
Izaak Albert,1111275,90009082,1980-07-01
Zayna Pollard,1111277,90009083,1981-01-14
Lila Murphy,1111279,90009084,1982-02-01
Xavier Cole,1111281,90009085,1983-02-03
Carol Hatfield,1111283,90009086,1984-04-23
Brenden Alexander,1111285,90009087,1984-08-14
Manon Preston,1111287,90009088,1985-06-22
Ottilie Mcdonald,1111289,90009089,1986-09-02
Danyaal Knapp,1111291,90009090,1987-10-23
Tiarna Avery,1111293,90009091,1987-11-13
Keiron Gordon,1111295,90009092,1988-08-20
Clarissa Lozano,1111297,90009093,1988-11-30
Nathaniel Clemons,1111299,90009094,1988-12-03
Priyanka Rosa,1111301,90009095,1989-08-27
Mercedes Seymour,1111303,90009096,1992-04-14
Mica Whitmore,1111305,90009097,1994-04-18
Elouise Pruitt,1111307,90009098,1995-08-15
Leslie Keller,1111309,90009099,1997-10-06
Aanya Stuart,1111311,90009100,1973-06-15
Karol Dickson,1111313,90009101,1973-08-31
Aiyla Franco,1111315,90009102,1977-12-07
Annalise Clarkson,1111317,90009103,1978-05-02
Rui Wang,1111319,90009104,1979-11-22
Jordan-Lee Rivers,1111321,90009105,1980-06-11
Korey Farrow,1111323,90009106,1981-01-27
Tommie Moore,1111325,90009107,1981-11-10
Joann Bird,1111327,90009108,1982-10-04
Landon Rogers,1111329,90009109,1984-09-21
Kenzo Davey,1111331,90009110,1985-05-01
Thierry Christian,1111333,90009111,1985-12-29
Ezmae Beattie,1111335,90009112,1987-08-29
Aaryan Floyd,1111337,90009113,1988-10-01
Riaz Poole,1111339,90009114,1988-12-21
Jarrod Enriquez,1111341,90009115,1989-06-14
Zion Bradshaw,1111343,90009116,1990-04-01
Keri Mckenzie,1111345,90009117,1991-03-27
Elara Andrade,1111347,90009118,1991-04-23
Maleeha Rodriquez,1111349,90009119,1994-02-06
Nahla Velez,1111351,90009120,1994-08-20
Leslie Barnes,1111353,90009121,1996-04-17
Kamila Rosales,1111355,90009122,1996-12-10
Scarlette Yu,1111357,90009123,1998-04-28
Tate Colley,1111359,90009124,1999-10-03
Jayde Sheldon,1111361,90009125,1970-08-13
Taylor Dickens,1111363,90009126,1971-12-24
Andreas Rhodes,1111365,90009127,1973-07-31
Juliet Haines,1111367,90009128,1974-04-20
Ria Diaz,1111369,90009129,1974-04-24
Aamina Cooper,1111371,90009130,1977-09-21
Amarah Sharp,1111373,90009131,1978-02-08
Oluwatobiloba Daugherty,1111375,90009132,1979-10-07
Allen Guevara,1111377,90009133,1980-01-27
Zakk Kane,1111379,90009134,1980-04-07
Sahara Blackwell,1111381,90009135,1981-02-19
Lily-May Howe,1111383,90009136,1981-07-23
Jacob Callahan,1111385,90009137,1984-12-30
Kaiya Vu,1111387,90009138,1985-07-28
Reeva Mcghee,1111389,90009139,1989-04-28
Rajan Maguire,1111391,90009140,1990-05-11
Nylah Sumner,1111393,90009141,1991-12-18
Ivie Dunne,1111395,90009142,1993-01-29
Courteney Robles,1111397,90009143,1993-12-20
Ashwin Dyer,1111399,90009144,1994-02-02
Kristy Ball,1111401,90009145,1994-08-06
Kadie Rose,1111403,90009146,1994-11-09
Amber Waller,1111405,90009147,1995-01-21
Kade Pineda,1111407,90009148,1998-01-29
Billy-Joe Edmonds,1111409,90009149,1999-12-09
Mahamed Iles,1111411,90009150,1971-06-05
Eduardo Mckenna,1111413,90009151,1972-09-16
Sulaiman Mccallum,1111415,90009152,1973-10-21
Maximus Lister,1111417,90009153,1975-06-30
Safiyyah Mccullough,1111419,90009154,1975-09-05
Nia Chaney,1111421,90009155,1976-02-18
Briony Browne,1111423,90009156,1977-03-18
Jareth Cook,1111425,90009157,1977-12-30
Patricia Finch,1111427,90009158,1979-02-27
Leandro Knights,1111429,90009159,1982-03-06
Adeline Cervantes,1111431,90009160,1984-01-11
Max Finnegan,1111433,90009161,1984-08-13
Gilbert Powell,1111435,90009162,1984-09-10
Joanne Duggan,1111437,90009163,1989-01-05
Terence Ochoa,1111439,90009164,1989-08-15
Malak Vega,1111441,90009165,1989-10-05
Kason Aldred,1111443,90009166,1989-11-02
Amin Monroe,1111445,90009167,1992-11-01
Mairead Connor,1111447,90009168,1993-06-07
Billie-Jo Hays,1111449,90009169,1995-01-21
Pablo Schroeder,1111451,90009170,1995-04-23
Roy Williamson,1111453,90009171,1996-11-09
Mateusz Kirby,1111455,90009172,1999-01-18
Yolanda Andrew,1111457,90009173,1999-03-20
Jon-Paul Schofield,1111459,90009174,1999-04-13
Francesca Fountain,1111461,90009175,1970-05-06
Marcia Ryan,1111463,90009176,1970-08-26
Stefanie Landry,1111465,90009177,1972-01-24
Rafael Perez,1111467,90009178,1973-01-03
Mary Deacon,1111469,90009179,1973-07-16
Pippa Wagstaff,1111471,90009180,1974-03-01
Bluebell Guest,1111473,90009181,1974-11-12
Miller Kay,1111475,90009182,1975-07-25
Marion Terry,1111477,90009183,1975-10-27
Serena Barron,1111479,90009184,1976-01-22
Pawel Churchill,1111481,90009185,1978-04-27
Jem Perry,1111483,90009186,1982-10-06
Henri Sheridan,1111485,90009187,1983-11-11
Hadi Barclay,1111487,90009188,1983-11-30
Zofia Stanton,1111489,90009189,1984-02-10
Donna Brook,1111491,90009190,1984-05-25
Taiba Chester,1111493,90009191,1986-10-05
Ihsan Benson,1111495,90009192,1990-11-05
Aleksandra Washington,1111497,90009193,1991-11-20
Iris Mathis,1111499,90009194,1994-05-04
Cameron Mcmahon,1111501,90009195,1995-05-07
Demi-Lee Person,1111503,90009196,1995-07-04
Hayden Thornton,1111505,90009197,1995-08-27
Moshe Handley,1111507,90009198,1996-12-14
Jonathan Meyers,1111509,90009199,1999-04-30